id,ts_entry,city,question,date_str,days_ahead,unit,mb_max_model,mb_consensus,mb_n_models,market_threshold,overshoot,market_type,no_ask_entry,stop_price,roe_per_day,score,sim_stake,sim_tokens,sim_value_now,sim_pnl_now,sim_pnl_pct_now,no_price_last,no_price_max,no_price_min,ticks_tracked,last_update,status
2800,2026-07-22T22:00:15.274850,Wellington,Will the highest temperature in Wellington be 16°C on July 24?,2026-07-24,2,C,12.64,11.85,10,16.0,3.36,exact,0.989,0.8407,0.56,25.36,5.0,5.0556,5.0,0.0,0.0%,0.989,0.989,0.989,1,2026-07-22T22:00:15.274863,🟢 OPEN
2799,2026-07-22T19:00:56.361246,Lucknow,Will the highest temperature in Lucknow be 35°C on July 24?,2026-07-24,2,C,33.33,31.43,10,35.0,1.67,exact,0.99,0.8415,0.51,1.877,5.0,5.0505,4.9747,-0.0253,-0.51%,0.985,0.99,0.985,2,2026-07-22T21:57:37.522764,🟢 OPEN
2798,2026-07-22T18:59:26.112977,Ankara,Will the highest temperature in Ankara be 32°C on July 23?,2026-07-23,1,C,30.19,29.33,10,32.0,1.81,exact,0.99,0.8415,1.01,5.143,5.0,5.0505,4.9545,-0.0455,-0.91%,0.981,0.99,0.981,2,2026-07-22T21:57:37.970755,🟢 OPEN
2797,2026-07-22T13:25:05.420589,Paris,Will the highest temperature in Paris be 32°C on July 24?,2026-07-24,2,C,29.87,28.11,10,32.0,2.13,exact,0.995,0.8458,0.25,8.65,5.0,5.0251,4.9799,-0.0201,-0.4%,0.991,0.995,0.99,4,2026-07-22T21:57:38.489895,🟢 OPEN
2796,2026-07-22T11:01:04.681392,Sao Paulo,Will the highest temperature in Sao Paulo be 27°C or higher on July 23?,2026-07-23,1,C,23.92,21.44,10,27.0,3.08,above_equal,0.99,0.8415,1.01,18.027,5.0,5.0505,4.9495,-0.0505,-1.01%,0.98,0.99,0.98,5,2026-07-22T21:57:39.090063,🟢 OPEN
2795,2026-07-22T10:59:31.591788,Buenos Aires,Will the highest temperature in Buenos Aires be 16°C on July 23?,2026-07-23,1,C,14.23,13.3,10,16.0,1.77,exact,0.94,0.799,6.38,9.98,5.0,5.3191,4.8297,-0.1703,-3.41%,0.908,0.94,0.908,5,2026-07-22T21:57:41.477068,🟢 OPEN
2794,2026-07-22T08:11:53.543492,Munich,Will the highest temperature in Munich be 28°C on July 24?,2026-07-24,2,C,24.45,23.38,10,28.0,3.55,exact,0.995,0.8458,0.25,27.583,5.0,5.0251,4.9698,-0.0302,-0.6%,0.989,0.995,0.989,6,2026-07-22T21:57:41.992075,🟢 OPEN
2793,2026-07-22T08:11:32.851291,Lucknow,Will the highest temperature in Lucknow be 35°C on July 23?,2026-07-23,1,C,33.44,31.75,10,35.0,1.56,exact,0.993,0.844,0.7,1.3,5.0,5.0352,4.9697,-0.0303,-0.61%,0.987,0.993,0.986,6,2026-07-22T21:57:42.582464,🟢 OPEN
2792,2026-07-22T01:50:52.519970,Singapore,Will the highest temperature in Singapore be 33°C on July 23?,2026-07-23,1,C,30.81,29.59,10,33.0,2.19,exact,0.96,0.816,4.17,12.92,5.0,5.2083,5.1302,0.1302,2.6%,0.985,0.985,0.95,8,2026-07-22T21:57:43.011515,🟢 OPEN
2790,2026-07-22T01:49:46.641984,Toronto,Will the highest temperature in Toronto be 28°C or higher on July 23?,2026-07-23,1,C,25.91,23.52,15,28.0,2.09,above_equal,0.989,0.8407,1.11,-1.723,5.0,5.0556,4.9949,-0.0051,-0.1%,0.988,0.989,0.976,8,2026-07-22T21:57:46.158874,🟢 OPEN
2789,2026-07-22T01:48:58.129797,Londres,Will the highest temperature in London be 28°C on July 23?,2026-07-23,1,C,26.37,25.15,10,28.0,1.63,exact,0.98,0.833,2.04,3.773,5.0,5.102,4.7091,-0.2909,-5.82%,0.923,0.982,0.923,8,2026-07-22T21:57:46.631018,🟢 OPEN
2788,2026-07-22T01:48:50.642712,Buenos Aires,Will the highest temperature in Buenos Aires be 17°C on July 23?,2026-07-23,1,C,14.09,12.74,10,17.0,2.91,exact,0.99,0.8415,1.01,19.81,5.0,5.0505,4.899,-0.101,-2.02%,0.97,0.992,0.97,8,2026-07-22T21:57:47.109657,🟢 OPEN
2787,2026-07-21T21:59:10.708063,Singapore,Will the highest temperature in Singapore be 33°C on July 22?,2026-07-22,1,C,29.85,28.98,10,33.0,3.15,exact,0.989,0.8407,1.11,23.11,5.0,5.0556,5.0505,0.0505,1.01%,0.999,0.999,0.989,7,2026-07-22T16:14:32.789173,🟢 OPEN
2786,2026-07-21T19:07:45.159976,Singapore,Will the highest temperature in Singapore be 34°C on July 23?,2026-07-23,2,C,30.55,29.48,10,34.0,3.45,exact,0.995,0.8458,0.25,25.45,5.0,5.0251,5.01,0.01,0.2%,0.997,0.999,0.992,10,2026-07-22T21:57:49.997837,🟢 OPEN
2785,2026-07-21T19:07:25.846322,Shanghai,Will the highest temperature in Shanghai be 37°C on July 22?,2026-07-22,1,C,35.17,33.01,10,37.0,1.83,exact,0.977,0.8304,2.35,5.6,5.0,5.1177,5.1126,0.1126,2.25%,0.999,0.999,0.977,8,2026-07-22T16:14:35.769234,🟢 OPEN
2784,2026-07-21T19:07:21.655469,Munich,Will the highest temperature in Munich be 26°C on July 23?,2026-07-23,2,C,22.73,21.39,10,26.0,3.27,exact,0.995,0.8458,0.25,22.35,5.0,5.0251,4.9799,-0.0201,-0.4%,0.991,0.995,0.99,10,2026-07-22T21:57:50.965311,🟢 OPEN
2783,2026-07-21T19:05:20.125513,Seoul,Will the highest temperature in Seoul be 30°C or higher on July 23?,2026-07-23,2,C,28.25,26.62,10,30.0,1.75,above_equal,0.937,0.7964,3.36,6.693,5.0,5.3362,5.1975,0.1975,3.95%,0.974,0.981,0.869,10,2026-07-22T21:57:53.479700,🟢 OPEN
2782,2026-07-21T16:17:28.337263,Buenos Aires,Will the highest temperature in Buenos Aires be 16°C on July 22?,2026-07-22,1,C,12.93,11.67,10,16.0,3.07,exact,0.988,0.8398,1.21,22.143,5.0,5.0607,5.0556,0.0556,1.11%,0.999,0.999,0.972,11,2026-07-22T21:57:54.058533,🟢 OPEN
2781,2026-07-21T13:21:26.976930,Tel Aviv,Will the highest temperature in Tel Aviv be 37°C on July 23?,2026-07-23,2,C,35.5,32.97,10,37.0,1.5,exact,0.995,0.8458,0.25,-2.1,5.0,5.0251,5.005,0.005,0.1%,0.996,0.997,0.968,12,2026-07-22T21:57:54.476034,🟢 OPEN
2780,2026-07-21T13:20:31.622414,Paris,Will the highest temperature in Paris be 30°C on July 23?,2026-07-23,2,C,26.59,25.55,10,30.0,3.41,exact,0.995,0.8458,0.25,25.717,5.0,5.0251,5.0201,0.0201,0.4%,0.999,0.999,0.993,12,2026-07-22T21:57:54.976563,🟢 OPEN
2779,2026-07-21T13:20:28.610915,Wellington,Will the highest temperature in Wellington be 17°C on July 23?,2026-07-23,2,C,13.23,11.98,10,17.0,3.77,exact,0.995,0.8458,0.25,30.517,5.0,5.0251,5.015,0.015,0.3%,0.998,0.999,0.995,12,2026-07-22T21:57:57.477264,🟢 OPEN
2778,2026-07-21T13:19:27.778777,Londres,Will the highest temperature in London be 29°C on July 23?,2026-07-23,2,C,26.81,25.62,10,29.0,2.19,exact,0.995,0.8458,0.25,9.45,5.0,5.0251,4.9949,-0.0051,-0.1%,0.994,0.999,0.981,12,2026-07-22T21:57:57.976997,🟢 OPEN
2777,2026-07-21T13:19:07.352922,Ankara,Will the highest temperature in Ankara be 34°C on July 23?,2026-07-23,2,C,31.31,29.89,10,34.0,2.69,exact,0.995,0.8458,0.25,16.117,5.0,5.0251,5.0201,0.0201,0.4%,0.999,0.999,0.995,12,2026-07-22T21:57:58.477405,🟢 OPEN
2776,2026-07-21T08:11:14.815574,Lucknow,Will the highest temperature in Lucknow be 36°C on July 23?,2026-07-23,2,C,34.08,31.91,10,36.0,1.92,exact,0.99,0.8415,0.51,5.51,5.0,5.0505,5.0101,0.0101,0.2%,0.992,0.992,0.964,14,2026-07-22T21:57:59.003886,🟢 OPEN
2775,2026-07-21T08:11:10.333375,Wellington,Will the highest temperature in Wellington be 16°C on July 23?,2026-07-23,2,C,13.17,11.85,10,16.0,2.83,exact,0.984,0.8364,0.81,18.543,5.0,5.0813,5.0051,0.0051,0.1%,0.985,0.991,0.978,14,2026-07-22T21:58:01.525279,🟢 OPEN
2774,2026-07-21T08:09:50.275480,Ankara,Will the highest temperature in Ankara be 34°C on July 22?,2026-07-22,1,C,32.44,31.68,10,34.0,1.56,exact,0.98,0.833,2.04,2.84,5.0,5.102,5.0969,0.0969,1.94%,0.999,0.999,0.97,13,2026-07-22T18:58:24.520022,🟢 OPEN
2773,2026-07-21T05:44:28.646980,Tel Aviv,Will the highest temperature in Tel Aviv be 38°C on July 23?,2026-07-23,2,C,35.5,33.13,10,38.0,2.5,exact,0.994,0.8449,0.3,11.083,5.0,5.0302,5.0101,0.0101,0.2%,0.996,0.997,0.969,15,2026-07-22T21:58:02.479206,🟢 OPEN
2772,2026-07-21T05:44:02.286632,Munich,Will the highest temperature in Munich be 27°C on July 22?,2026-07-22,1,C,24.05,22.99,10,27.0,2.95,exact,0.969,0.8236,3.2,22.533,5.0,5.16,5.1548,0.1548,3.1%,0.999,0.999,0.95,15,2026-07-22T21:58:02.986091,🟢 OPEN
2771,2026-07-21T05:43:43.766718,Sao Paulo,Will the highest temperature in Sao Paulo be 32°C or higher on July 22?,2026-07-22,1,C,29.95,27.7,10,32.0,2.05,above_equal,0.995,0.8458,0.5,6.483,5.0,5.0251,5.0201,0.0201,0.4%,0.999,0.999,0.991,15,2026-07-22T21:58:05.506926,🟢 OPEN
2770,2026-07-21T05:43:40.407494,Wellington,Will the highest temperature in Wellington be 15°C on July 23?,2026-07-23,2,C,13.17,11.9,10,15.0,1.83,exact,0.77,0.6545,14.94,19.34,5.0,6.4935,5.2597,0.2597,5.19%,0.81,0.84,0.72,15,2026-07-22T21:58:06.095369,🟢 OPEN
2769,2026-07-21T05:43:37.393850,Lucknow,Will the highest temperature in Lucknow be 37°C or higher on July 23?,2026-07-23,2,C,34.08,31.95,10,37.0,2.92,above_equal,0.995,0.8458,0.25,18.633,5.0,5.0251,5.0201,0.0201,0.4%,0.999,0.999,0.994,15,2026-07-22T21:58:06.476598,🟢 OPEN
2768,2026-07-21T05:43:31.381926,Toronto,Will the highest temperature in Toronto be 25°C on July 22?,2026-07-22,1,C,21.77,20.31,15,25.0,3.23,exact,0.995,0.8458,0.5,23.167,5.0,5.0251,5.015,0.015,0.3%,0.998,0.998,0.984,15,2026-07-22T21:58:07.003749,🟢 OPEN
2767,2026-07-21T05:42:12.191910,Buenos Aires,Will the highest temperature in Buenos Aires be 18°C on July 22?,2026-07-22,1,C,13.24,11.91,10,18.0,4.76,exact,0.995,0.8458,0.5,43.967,5.0,5.0251,5.0201,0.0201,0.4%,0.999,0.999,0.995,15,2026-07-22T21:58:09.482609,🟢 OPEN
2766,2026-07-21T05:42:03.934715,Ankara,Will the highest temperature in Ankara be 33°C on July 23?,2026-07-23,2,C,31.31,29.88,10,33.0,1.69,exact,0.99,0.8415,0.51,3.043,5.0,5.0505,5.0,0.0,0.0%,0.99,0.99,0.971,15,2026-07-22T21:58:09.973856,🟢 OPEN
2765,2026-07-21T01:51:48.344868,Munich,Will the highest temperature in Munich be 26°C on July 22?,2026-07-22,1,C,24.24,23.08,10,26.0,1.76,exact,0.85,0.7225,17.65,21.117,5.0,5.8824,5.8765,0.8765,17.53%,0.999,0.999,0.82,16,2026-07-22T21:58:10.486840,🟢 OPEN
2764,2026-07-21T01:51:07.923916,Toronto,Will the highest temperature in Toronto be 24°C on July 22?,2026-07-22,1,C,21.59,19.76,15,24.0,2.41,exact,0.99,0.8415,1.01,10.793,5.0,5.0505,5.0202,0.0202,0.4%,0.994,0.996,0.976,16,2026-07-22T21:58:10.982929,🟢 OPEN
2763,2026-07-21T01:50:06.371671,Buenos Aires,Will the highest temperature in Buenos Aires be 17°C on July 22?,2026-07-22,1,C,13.24,12.04,10,17.0,3.76,exact,0.99,0.8415,1.01,31.143,5.0,5.0505,5.0454,0.0454,0.91%,0.999,0.999,0.99,16,2026-07-22T21:58:13.488076,🟢 OPEN
2760,2026-07-20T13:52:39.937164,Tel Aviv,Will the highest temperature in Tel Aviv be 38°C or higher on July 22?,2026-07-22,2,C,35.47,32.65,10,38.0,2.53,above_equal,0.995,0.8458,0.25,11.683,5.0,5.0251,5.0201,0.0201,0.4%,0.999,0.999,0.994,19,2026-07-22T18:58:36.512313,🟢 OPEN
2759,2026-07-20T13:52:29.261196,Singapore,Will the highest temperature in Singapore be 34°C on July 22?,2026-07-22,2,C,30.44,29.28,10,34.0,3.56,exact,0.995,0.8458,0.25,27.717,5.0,5.0251,5.0201,0.0201,0.4%,0.999,0.999,0.993,18,2026-07-22T16:14:59.769739,🟢 OPEN
2758,2026-07-20T13:51:43.078817,Wellington,Will the highest temperature in Wellington be 17°C on July 22?,2026-07-22,2,C,13.22,12.24,10,17.0,3.78,exact,0.995,0.8458,0.25,30.65,5.0,5.0251,5.0201,0.0201,0.4%,0.999,0.999,0.99,16,2026-07-22T10:58:42.931376,🟢 OPEN
2757,2026-07-20T13:50:24.127644,Ankara,Will the highest temperature in Ankara be 36°C on July 22?,2026-07-22,2,C,33.17,32.18,10,36.0,2.83,exact,0.995,0.8458,0.25,17.983,5.0,5.0251,5.0201,0.0201,0.4%,0.999,0.999,0.991,19,2026-07-22T18:58:40.032743,🟢 OPEN
2756,2026-07-20T09:25:11.509552,Singapore,Will the highest temperature in Singapore be 32°C on July 22?,2026-07-22,2,C,30.44,29.3,10,32.0,1.56,exact,0.75,0.6375,16.67,17.47,5.0,6.6667,6.66,1.66,33.2%,0.999,0.999,0.67,19,2026-07-22T16:15:01.267226,🟢 OPEN
2754,2026-07-20T09:24:21.723310,Wellington,Will the highest temperature in Wellington be 16°C on July 22?,2026-07-22,2,C,13.22,12.17,10,16.0,2.78,exact,0.992,0.8432,0.4,17.467,5.0,5.0403,5.0353,0.0353,0.71%,0.999,0.999,0.979,17,2026-07-22T10:58:46.442388,🟢 OPEN
2753,2026-07-20T06:02:48.718134,Paris,Will the highest temperature in Paris be 30°C or higher on July 22?,2026-07-22,2,C,28.41,26.79,10,30.0,1.59,above_equal,0.99,0.8415,0.51,1.71,5.0,5.0505,5.0454,0.0454,0.91%,0.999,0.999,0.963,22,2026-07-22T21:58:18.975127,🟢 OPEN
2752,2026-07-20T06:01:46.101761,Londres,Will the highest temperature in London be 29°C on July 22?,2026-07-22,2,C,27.23,26.0,10,29.0,1.77,exact,0.989,0.8407,0.56,4.16,5.0,5.0556,5.0505,0.0505,1.01%,0.999,0.999,0.954,22,2026-07-22T21:58:19.980282,🟢 OPEN
